<?xml version="1.0" encoding="UTF-8"?>
<!--
  Licensed to the Apache Software Foundation (ASF) under one
  or more contributor license agreements.  See the NOTICE file
  distributed with this work for additional information
  regarding copyright ownership.  The ASF licenses this file
  to you under the Apache License, Version 2.0 (the
  "License"); you may not use this file except in compliance
  with the License.  You may obtain a copy of the License at

    http://www.apache.org/licenses/LICENSE-2.0

  Unless required by applicable law or agreed to in writing,
  software distributed under the License is distributed on an
  "AS IS" BASIS, WITHOUT WARRANTIES OR CONDITIONS OF ANY
  KIND, either express or implied.  See the License for the
  specific language governing permissions and limitations
  under the License.    
-->

<beans xmlns="http://www.springframework.org/schema/beans" 
       xmlns:xsi="http://www.w3.org/2001/XMLSchema-instance"
       xsi:schemaLocation="
          http://www.springframework.org/schema/beans classpath:org/springframework/beans/factory/xml/spring-beans-3.0.xsd">

    <!-- 
      Mailbox HBase
      Uncomment the definitions if you are using a real hbase cluster.
     -->
     
    <!-- 
        This is the link to the HBase Cluster. You need to place a valid hbase 
        config file on the classpath that will be picked up by HBaseConfiguration.create().
    -->
    <!-- 
    <bean id="hbase-conf" class="org.apache.hadoop.hbase.HBaseConfiguration" factory-method="create" />

    <bean id="hbase-mailboxmanager" class="org.apache.james.mailbox.hbase.HBaseMailboxManager" init-method="init">
        <constructor-arg index="0" ref="hbase-sessionMapperFactory"/>
        <constructor-arg index="1" ref="authenticator"/>
        <constructor-arg index="2" ref="hbase-locker"/>
    </bean>
    
    <bean id="hbase-sessionMapperFactory" class="org.apache.james.mailbox.hbase.HBaseMailboxSessionMapperFactory">
        <constructor-arg index="0" ref="hbase-conf"/>
        <constructor-arg index="1" ref="hbase-uidProvider"/>
        <constructor-arg index="2" ref="hbase-modSeqProvider"/>
    </bean>
    <bean id="hbase-uidProvider" class="org.apache.james.mailbox.hbase.mail.HBaseUidProvider">
        <constructor-arg index="0" ref="hbase-conf"/>
    </bean>
    <bean id="hbase-modSeqProvider" class="org.apache.james.mailbox.hbase.mail.HBaseModSeqProvider">
        <constructor-arg index="0" ref="hbase-conf"/>
    </bean>
    
    <alias name="jvm-locker" alias="hbase-locker"/>
    -->
</beans>
